/a/[/r/ExternalURL/,/c/br/test/,/http://en.wiktionary.org/wiki/test/]	/r/ExternalURL	/c/br/test	http://en.wiktionary.org/wiki/test	{"dataset": "/d/wiktionary/en", "license": "cc:by-sa/4.0", "sources": [{"contributor": "/s/resource/wiktionary/en", "process": "/s/process/wikiparsec/1"}], "weight": 0.25}
/a/[/r/ExternalURL/,/c/cs/test/,/http://en.wiktionary.org/wiki/test/]	/r/ExternalURL	/c/cs/test	http://en.wiktionary.org/wiki/test	{"dataset": "/d/wiktionary/en", "license": "cc:by-sa/4.0", "sources": [{"contributor": "/s/resource/wiktionary/en", "process": "/s/process/wikiparsec/1"}], "weight": 0.25}
/a/[/r/ExternalURL/,/c/en/test/,/http://en.wiktionary.org/wiki/test/]	/r/ExternalURL	/c/en/test	http://en.wiktionary.org/wiki/test	{"dataset": "/d/wiktionary/en", "license": "cc:by-sa/4.0", "sources": [{"contributor": "/s/resource/wiktionary/en", "process": "/s/process/wikiparsec/1"}], "weight": 0.25}
/a/[/r/ExternalURL/,/c/es/test/,/http://en.wiktionary.org/wiki/test/]	/r/ExternalURL	/c/es/test	http://en.wiktionary.org/wiki/test	{"dataset": "/d/wiktionary/en", "license": "cc:by-sa/4.0", "sources": [{"contributor": "/s/resource/wiktionary/en", "process": "/s/process/wikiparsec/1"}], "weight": 0.25}
/a/[/r/ExternalURL/,/c/fr/test/,/http://en.wiktionary.org/wiki/test/]	/r/ExternalURL	/c/fr/test	http://en.wiktionary.org/wiki/test	{"dataset": "/d/wiktionary/en", "license": "cc:by-sa/4.0", "sources": [{"contributor": "/s/resource/wiktionary/en", "process": "/s/process/wikiparsec/1"}], "weight": 0.25}
/a/[/r/ExternalURL/,/c/fro/test/,/http://en.wiktionary.org/wiki/test/]	/r/ExternalURL	/c/fro/test	http://en.wiktionary.org/wiki/test	{"dataset": "/d/wiktionary/en", "license": "cc:by-sa/4.0", "sources": [{"contributor": "/s/resource/wiktionary/en", "process": "/s/process/wikiparsec/1"}], "weight": 0.25}
/a/[/r/ExternalURL/,/c/hu/test/,/http://en.wiktionary.org/wiki/test/]	/r/ExternalURL	/c/hu/test	http://en.wiktionary.org/wiki/test	{"dataset": "/d/wiktionary/en", "license": "cc:by-sa/4.0", "sources": [{"contributor": "/s/resource/wiktionary/en", "process": "/s/process/wikiparsec/1"}], "weight": 0.25}
/a/[/r/ExternalURL/,/c/it/test/,/http://en.wiktionary.org/wiki/test/]	/r/ExternalURL	/c/it/test	http://en.wiktionary.org/wiki/test	{"dataset": "/d/wiktionary/en", "license": "cc:by-sa/4.0", "sources": [{"contributor": "/s/resource/wiktionary/en", "process": "/s/process/wikiparsec/1"}], "weight": 0.25}
/a/[/r/ExternalURL/,/c/lld/test/,/http://en.wiktionary.org/wiki/test/]	/r/ExternalURL	/c/lld/test	http://en.wiktionary.org/wiki/test	{"dataset": "/d/wiktionary/en", "license": "cc:by-sa/4.0", "sources": [{"contributor": "/s/resource/wiktionary/en", "process": "/s/process/wikiparsec/1"}], "weight": 0.25}
/a/[/r/ExternalURL/,/c/lv/test/,/http://en.wiktionary.org/wiki/test/]	/r/ExternalURL	/c/lv/test	http://en.wiktionary.org/wiki/test	{"dataset": "/d/wiktionary/en", "license": "cc:by-sa/4.0", "sources": [{"contributor": "/s/resource/wiktionary/en", "process": "/s/process/wikiparsec/1"}], "weight": 0.25}
/a/[/r/ExternalURL/,/c/no/test/,/http://en.wiktionary.org/wiki/test/]	/r/ExternalURL	/c/no/test	http://en.wiktionary.org/wiki/test	{"dataset": "/d/wiktionary/en", "license": "cc:by-sa/4.0", "sources": [{"contributor": "/s/resource/wiktionary/en", "process": "/s/process/wikiparsec/1"}], "weight": 0.25}
/a/[/r/ExternalURL/,/c/nl/test/,/http://en.wiktionary.org/wiki/test/]	/r/ExternalURL	/c/nl/test	http://en.wiktionary.org/wiki/test	{"dataset": "/d/wiktionary/en", "license": "cc:by-sa/4.0", "sources": [{"contributor": "/s/resource/wiktionary/en", "process": "/s/process/wikiparsec/1"}], "weight": 0.25}
/a/[/r/ExternalURL/,/c/no/test/,/http://en.wiktionary.org/wiki/test/]	/r/ExternalURL	/c/no/test	http://en.wiktionary.org/wiki/test	{"dataset": "/d/wiktionary/en", "license": "cc:by-sa/4.0", "sources": [{"contributor": "/s/resource/wiktionary/en", "process": "/s/process/wikiparsec/1"}], "weight": 0.25}
/a/[/r/ExternalURL/,/c/pl/test/,/http://en.wiktionary.org/wiki/test/]	/r/ExternalURL	/c/pl/test	http://en.wiktionary.org/wiki/test	{"dataset": "/d/wiktionary/en", "license": "cc:by-sa/4.0", "sources": [{"contributor": "/s/resource/wiktionary/en", "process": "/s/process/wikiparsec/1"}], "weight": 0.25}
/a/[/r/ExternalURL/,/c/sh/test/,/http://en.wiktionary.org/wiki/test/]	/r/ExternalURL	/c/sh/test	http://en.wiktionary.org/wiki/test	{"dataset": "/d/wiktionary/en", "license": "cc:by-sa/4.0", "sources": [{"contributor": "/s/resource/wiktionary/en", "process": "/s/process/wikiparsec/1"}], "weight": 0.25}
/a/[/r/ExternalURL/,/c/sv/test/,/http://en.wiktionary.org/wiki/test/]	/r/ExternalURL	/c/sv/test	http://en.wiktionary.org/wiki/test	{"dataset": "/d/wiktionary/en", "license": "cc:by-sa/4.0", "sources": [{"contributor": "/s/resource/wiktionary/en", "process": "/s/process/wikiparsec/1"}], "weight": 0.25}
/a/[/r/ExternalURL/,/c/tr/test/,/http://en.wiktionary.org/wiki/test/]	/r/ExternalURL	/c/tr/test	http://en.wiktionary.org/wiki/test	{"dataset": "/d/wiktionary/en", "license": "cc:by-sa/4.0", "sources": [{"contributor": "/s/resource/wiktionary/en", "process": "/s/process/wikiparsec/1"}], "weight": 0.25}
/a/[/r/EtymologicallyRelatedTo/,/c/en/test/,/c/fro/test/]	/r/EtymologicallyRelatedTo	/c/en/test	/c/fro/test	{"dataset": "/d/wiktionary/en", "license": "cc:by-sa/4.0", "sources": [{"contributor": "/s/resource/wiktionary/en", "process": "/s/process/wikiparsec/1"}], "surfaceEnd": "test", "surfaceStart": "test", "weight": 0.25}
/a/[/r/EtymologicallyRelatedTo/,/c/en/test/,/c/la/testum/]	/r/EtymologicallyRelatedTo	/c/en/test	/c/la/testum	{"dataset": "/d/wiktionary/en", "license": "cc:by-sa/4.0", "sources": [{"contributor": "/s/resource/wiktionary/en", "process": "/s/process/wikiparsec/1"}], "surfaceEnd": "testum", "surfaceStart": "test", "weight": 0.25}
/a/[/r/EtymologicallyRelatedTo/,/c/en/test/,/c/la/terstus/]	/r/EtymologicallyRelatedTo	/c/en/test	/c/la/terstus	{"dataset": "/d/wiktionary/en", "license": "cc:by-sa/4.0", "sources": [{"contributor": "/s/resource/wiktionary/en", "process": "/s/process/wikiparsec/1"}], "surfaceEnd": "*terstus", "surfaceStart": "test", "weight": 0.25}
/a/[/r/EtymologicallyRelatedTo/,/c/en/test/,/c/la/terra/]	/r/EtymologicallyRelatedTo	/c/en/test	/c/la/terra	{"dataset": "/d/wiktionary/en", "license": "cc:by-sa/4.0", "sources": [{"contributor": "/s/resource/wiktionary/en", "process": "/s/process/wikiparsec/1"}], "surfaceEnd": "terra", "surfaceStart": "test", "weight": 0.25}
/a/[/r/EtymologicallyRelatedTo/,/c/en/test/,/c/la/tersa/]	/r/EtymologicallyRelatedTo	/c/en/test	/c/la/tersa	{"dataset": "/d/wiktionary/en", "license": "cc:by-sa/4.0", "sources": [{"contributor": "/s/resource/wiktionary/en", "process": "/s/process/wikiparsec/1"}], "surfaceEnd": "*tersa", "surfaceStart": "test", "weight": 0.25}
/a/[/r/RelatedTo/,/c/en/test/n/wikt/en_1/,/c/en/trial/]	/r/RelatedTo	/c/en/test/n/wikt/en_1	/c/en/trial	{"dataset": "/d/wiktionary/en", "license": "cc:by-sa/4.0", "sources": [{"contributor": "/s/resource/wiktionary/en", "process": "/s/process/wikiparsec/1"}], "surfaceEnd": "trial", "surfaceStart": "test", "weight": 1.0}
/a/[/r/RelatedTo/,/c/en/test/n/wikt/en_1/,/c/en/cupel/]	/r/RelatedTo	/c/en/test/n/wikt/en_1	/c/en/cupel	{"dataset": "/d/wiktionary/en", "license": "cc:by-sa/4.0", "sources": [{"contributor": "/s/resource/wiktionary/en", "process": "/s/process/wikiparsec/1"}], "surfaceEnd": "cupel", "surfaceStart": "test", "weight": 1.0}
/a/[/r/HasContext/,/c/en/test/n/wikt/en_1/,/c/en/academia/]	/r/HasContext	/c/en/test/n/wikt/en_1	/c/en/academia	{"dataset": "/d/wiktionary/en", "license": "cc:by-sa/4.0", "sources": [{"contributor": "/s/resource/wiktionary/en", "process": "/s/process/wikiparsec/1"}], "surfaceEnd": "academia", "surfaceStart": "test", "weight": 1.0}
/a/[/r/RelatedTo/,/c/en/test/n/wikt/en_1/,/c/en/examination/]	/r/RelatedTo	/c/en/test/n/wikt/en_1	/c/en/examination	{"dataset": "/d/wiktionary/en", "license": "cc:by-sa/4.0", "sources": [{"contributor": "/s/resource/wiktionary/en", "process": "/s/process/wikiparsec/1"}], "surfaceEnd": "examination", "surfaceStart": "test", "weight": 1.0}
/a/[/r/RelatedTo/,/c/en/test/n/wikt/en_1/,/c/en/term/]	/r/RelatedTo	/c/en/test/n/wikt/en_1	/c/en/term	{"dataset": "/d/wiktionary/en", "license": "cc:by-sa/4.0", "sources": [{"contributor": "/s/resource/wiktionary/en", "process": "/s/process/wikiparsec/1"}], "surfaceEnd": "term", "surfaceStart": "test", "weight": 1.0}
/a/[/r/RelatedTo/,/c/en/test/n/wikt/en_1/,/c/en/session/]	/r/RelatedTo	/c/en/test/n/wikt/en_1	/c/en/session	{"dataset": "/d/wiktionary/en", "license": "cc:by-sa/4.0", "sources": [{"contributor": "/s/resource/wiktionary/en", "process": "/s/process/wikiparsec/1"}], "surfaceEnd": "session", "surfaceStart": "test", "weight": 1.0}
/a/[/r/RelatedTo/,/c/en/test/n/wikt/en_1/,/c/en/examine/]	/r/RelatedTo	/c/en/test/n/wikt/en_1	/c/en/examine	{"dataset": "/d/wiktionary/en", "license": "cc:by-sa/4.0", "sources": [{"contributor": "/s/resource/wiktionary/en", "process": "/s/process/wikiparsec/1"}], "surfaceEnd": "examine", "surfaceStart": "test", "weight": 1.0}
/a/[/r/RelatedTo/,/c/en/test/n/wikt/en_1/,/c/en/evaluate/]	/r/RelatedTo	/c/en/test/n/wikt/en_1	/c/en/evaluate	{"dataset": "/d/wiktionary/en", "license": "cc:by-sa/4.0", "sources": [{"contributor": "/s/resource/wiktionary/en", "process": "/s/process/wikiparsec/1"}], "surfaceEnd": "evaluate", "surfaceStart": "test", "weight": 1.0}
/a/[/r/RelatedTo/,/c/en/test/n/wikt/en_1/,/c/en/durability/]	/r/RelatedTo	/c/en/test/n/wikt/en_1	/c/en/durability	{"dataset": "/d/wiktionary/en", "license": "cc:by-sa/4.0", "sources": [{"contributor": "/s/resource/wiktionary/en", "process": "/s/process/wikiparsec/1"}], "surfaceEnd": "durability", "surfaceStart": "test", "weight": 1.0}
/a/[/r/HasContext/,/c/en/test/n/wikt/en_1/,/c/en/cricket/]	/r/HasContext	/c/en/test/n/wikt/en_1	/c/en/cricket	{"dataset": "/d/wiktionary/en", "license": "cc:by-sa/4.0", "sources": [{"contributor": "/s/resource/wiktionary/en", "process": "/s/process/wikiparsec/1"}], "surfaceEnd": "cricket", "surfaceStart": "test", "weight": 1.0}
/a/[/r/HasContext/,/c/en/test/n/wikt/en_1/,/c/en/normally_test/]	/r/HasContext	/c/en/test/n/wikt/en_1	/c/en/normally_test	{"dataset": "/d/wiktionary/en", "license": "cc:by-sa/4.0", "sources": [{"contributor": "/s/resource/wiktionary/en", "process": "/s/process/wikiparsec/1"}], "surfaceEnd": "normally “Test”", "surfaceStart": "test", "weight": 1.0}
/a/[/r/RelatedTo/,/c/en/test/n/wikt/en_1/,/c/en/test_match/]	/r/RelatedTo	/c/en/test/n/wikt/en_1	/c/en/test_match	{"dataset": "/d/wiktionary/en", "license": "cc:by-sa/4.0", "sources": [{"contributor": "/s/resource/wiktionary/en", "process": "/s/process/wikiparsec/1"}], "surfaceEnd": "Test match", "surfaceStart": "test", "weight": 1.0}
/a/[/r/HasContext/,/c/en/test/n/wikt/en_1/,/c/en/marine_biology/]	/r/HasContext	/c/en/test/n/wikt/en_1	/c/en/marine_biology	{"dataset": "/d/wiktionary/en", "license": "cc:by-sa/4.0", "sources": [{"contributor": "/s/resource/wiktionary/en", "process": "/s/process/wikiparsec/1"}], "surfaceEnd": "marine biology", "surfaceStart": "test", "weight": 1.0}
/a/[/r/RelatedTo/,/c/en/test/n/wikt/en_1/,/c/en/calciferous/]	/r/RelatedTo	/c/en/test/n/wikt/en_1	/c/en/calciferous	{"dataset": "/d/wiktionary/en", "license": "cc:by-sa/4.0", "sources": [{"contributor": "/s/resource/wiktionary/en", "process": "/s/process/wikiparsec/1"}], "surfaceEnd": "calciferous", "surfaceStart": "test", "weight": 1.0}
/a/[/r/RelatedTo/,/c/en/test/n/wikt/en_1/,/c/en/endoskeleton/]	/r/RelatedTo	/c/en/test/n/wikt/en_1	/c/en/endoskeleton	{"dataset": "/d/wiktionary/en", "license": "cc:by-sa/4.0", "sources": [{"contributor": "/s/resource/wiktionary/en", "process": "/s/process/wikiparsec/1"}], "surfaceEnd": "endoskeleton", "surfaceStart": "test", "weight": 1.0}
/a/[/r/RelatedTo/,/c/en/test/n/wikt/en_1/,/c/en/echinoderm/]	/r/RelatedTo	/c/en/test/n/wikt/en_1	/c/en/echinoderm	{"dataset": "/d/wiktionary/en", "license": "cc:by-sa/4.0", "sources": [{"contributor": "/s/resource/wiktionary/en", "process": "/s/process/wikiparsec/1"}], "surfaceEnd": "echinoderm", "surfaceStart": "test", "weight": 1.0}
/a/[/r/RelatedTo/,/c/en/test/n/wikt/en_1/,/c/en/sand_dollar/]	/r/RelatedTo	/c/en/test/n/wikt/en_1	/c/en/sand_dollar	{"dataset": "/d/wiktionary/en", "license": "cc:by-sa/4.0", "sources": [{"contributor": "/s/resource/wiktionary/en", "process": "/s/process/wikiparsec/1"}], "surfaceEnd": "sand dollar", "surfaceStart": "test", "weight": 1.0}
/a/[/r/RelatedTo/,/c/en/test/n/wikt/en_1/,/c/en/sea_urchin/]	/r/RelatedTo	/c/en/test/n/wikt/en_1	/c/en/sea_urchin	{"dataset": "/d/wiktionary/en", "license": "cc:by-sa/4.0", "sources": [{"contributor": "/s/resource/wiktionary/en", "process": "/s/process/wikiparsec/1"}], "surfaceEnd": "sea urchin", "surfaceStart": "test", "weight": 1.0}
/a/[/r/HasContext/,/c/en/test/n/wikt/en_1/,/c/en/botany/]	/r/HasContext	/c/en/test/n/wikt/en_1	/c/en/botany	{"dataset": "/d/wiktionary/en", "license": "cc:by-sa/4.0", "sources": [{"contributor": "/s/resource/wiktionary/en", "process": "/s/process/wikiparsec/1"}], "surfaceEnd": "botany", "surfaceStart": "test", "weight": 1.0}
/a/[/r/RelatedTo/,/c/en/test/n/wikt/en_1/,/c/en/testa/]	/r/RelatedTo	/c/en/test/n/wikt/en_1	/c/en/testa	{"dataset": "/d/wiktionary/en", "license": "cc:by-sa/4.0", "sources": [{"contributor": "/s/resource/wiktionary/en", "process": "/s/process/wikiparsec/1"}], "surfaceEnd": "testa", "surfaceStart": "test", "weight": 1.0}
/a/[/r/RelatedTo/,/c/en/test/n/wikt/en_1/,/c/en/seed_coat/]	/r/RelatedTo	/c/en/test/n/wikt/en_1	/c/en/seed_coat	{"dataset": "/d/wiktionary/en", "license": "cc:by-sa/4.0", "sources": [{"contributor": "/s/resource/wiktionary/en", "process": "/s/process/wikiparsec/1"}], "surfaceEnd": "seed coat", "surfaceStart": "test", "weight": 1.0}
/a/[/r/HasContext/,/c/en/test/n/wikt/en_1/,/c/en/obsolete/]	/r/HasContext	/c/en/test/n/wikt/en_1	/c/en/obsolete	{"dataset": "/d/wiktionary/en", "license": "cc:by-sa/4.0", "sources": [{"contributor": "/s/resource/wiktionary/en", "process": "/s/process/wikiparsec/1"}], "surfaceEnd": "obsolete", "surfaceStart": "test", "weight": 1.0}
/a/[/r/Synonym/,/c/en/test/n/wikt/en_1/,/c/en/challenge/]	/r/Synonym	/c/en/test/n/wikt/en_1	/c/en/challenge	{"dataset": "/d/wiktionary/en", "license": "cc:by-sa/4.0", "sources": [{"contributor": "/s/resource/wiktionary/en", "process": "/s/process/wikiparsec/1"}], "surfaceEnd": "challenge", "surfaceStart": "test", "weight": 1.0}
/a/[/r/Synonym/,/c/en/test/n/wikt/en_1/,/c/en/trial/]	/r/Synonym	/c/en/test/n/wikt/en_1	/c/en/trial	{"dataset": "/d/wiktionary/en", "license": "cc:by-sa/4.0", "sources": [{"contributor": "/s/resource/wiktionary/en", "process": "/s/process/wikiparsec/1"}], "surfaceEnd": "trial", "surfaceStart": "test", "weight": 1.0}
/a/[/r/Synonym/,/c/en/test/n/wikt/en_1/,/c/en/quiz/]	/r/Synonym	/c/en/test/n/wikt/en_1	/c/en/quiz	{"dataset": "/d/wiktionary/en", "license": "cc:by-sa/4.0", "sources": [{"contributor": "/s/resource/wiktionary/en", "process": "/s/process/wikiparsec/1"}], "surfaceEnd": "quiz", "surfaceStart": "test", "weight": 1.0}
/a/[/r/Synonym/,/c/en/test/n/wikt/en_1/,/c/en/examination/]	/r/Synonym	/c/en/test/n/wikt/en_1	/c/en/examination	{"dataset": "/d/wiktionary/en", "license": "cc:by-sa/4.0", "sources": [{"contributor": "/s/resource/wiktionary/en", "process": "/s/process/wikiparsec/1"}], "surfaceEnd": "examination", "surfaceStart": "test", "weight": 1.0}
/a/[/r/Antonym/,/c/en/test/n/wikt/en_1/,/c/en/breeze/]	/r/Antonym	/c/en/test/n/wikt/en_1	/c/en/breeze	{"dataset": "/d/wiktionary/en", "license": "cc:by-sa/4.0", "sources": [{"contributor": "/s/resource/wiktionary/en", "process": "/s/process/wikiparsec/1"}], "surfaceEnd": "breeze", "surfaceStart": "test", "weight": 1.0}
/a/[/r/Antonym/,/c/en/test/n/wikt/en_1/,/c/en/recess/]	/r/Antonym	/c/en/test/n/wikt/en_1	/c/en/recess	{"dataset": "/d/wiktionary/en", "license": "cc:by-sa/4.0", "sources": [{"contributor": "/s/resource/wiktionary/en", "process": "/s/process/wikiparsec/1"}], "surfaceEnd": "recess", "surfaceStart": "test", "weight": 1.0}
/a/[/r/DerivedFrom/,/c/en/test_case/,/c/en/test/n/wikt/en_1/]	/r/DerivedFrom	/c/en/test_case	/c/en/test/n/wikt/en_1	{"dataset": "/d/wiktionary/en", "license": "cc:by-sa/4.0", "sources": [{"contributor": "/s/resource/wiktionary/en", "process": "/s/process/wikiparsec/1"}], "surfaceEnd": "test case", "surfaceStart": "test", "weight": 1.0}
/a/[/r/DerivedFrom/,/c/en/test_drive/,/c/en/test/n/wikt/en_1/]	/r/DerivedFrom	/c/en/test_drive	/c/en/test/n/wikt/en_1	{"dataset": "/d/wiktionary/en", "license": "cc:by-sa/4.0", "sources": [{"contributor": "/s/resource/wiktionary/en", "process": "/s/process/wikiparsec/1"}], "surfaceEnd": "test drive", "surfaceStart": "test", "weight": 1.0}
/a/[/r/DerivedFrom/,/c/en/tester/,/c/en/test/n/wikt/en_1/]	/r/DerivedFrom	/c/en/tester	/c/en/test/n/wikt/en_1	{"dataset": "/d/wiktionary/en", "license": "cc:by-sa/4.0", "sources": [{"contributor": "/s/resource/wiktionary/en", "process": "/s/process/wikiparsec/1"}], "surfaceEnd": "tester", "surfaceStart": "test", "weight": 1.0}
/a/[/r/DerivedFrom/,/c/en/test_flight/,/c/en/test/n/wikt/en_1/]	/r/DerivedFrom	/c/en/test_flight	/c/en/test/n/wikt/en_1	{"dataset": "/d/wiktionary/en", "license": "cc:by-sa/4.0", "sources": [{"contributor": "/s/resource/wiktionary/en", "process": "/s/process/wikiparsec/1"}], "surfaceEnd": "test flight", "surfaceStart": "test", "weight": 1.0}
/a/[/r/DerivedFrom/,/c/en/test_run/,/c/en/test/n/wikt/en_1/]	/r/DerivedFrom	/c/en/test_run	/c/en/test/n/wikt/en_1	{"dataset": "/d/wiktionary/en", "license": "cc:by-sa/4.0", "sources": [{"contributor": "/s/resource/wiktionary/en", "process": "/s/process/wikiparsec/1"}], "surfaceEnd": "test run", "surfaceStart": "test", "weight": 1.0}
/a/[/r/DerivedFrom/,/c/en/test_tube/,/c/en/test/n/wikt/en_1/]	/r/DerivedFrom	/c/en/test_tube	/c/en/test/n/wikt/en_1	{"dataset": "/d/wiktionary/en", "license": "cc:by-sa/4.0", "sources": [{"contributor": "/s/resource/wiktionary/en", "process": "/s/process/wikiparsec/1"}], "surfaceEnd": "test tube", "surfaceStart": "test", "weight": 1.0}
/a/[/r/Synonym/,/c/en/test/n/wikt/en_1/,/c/sq/provë/]	/r/Synonym	/c/en/test/n/wikt/en_1	/c/sq/provë	{"dataset": "/d/wiktionary/en", "license": "cc:by-sa/4.0", "sources": [{"contributor": "/s/resource/wiktionary/en", "process": "/s/process/wikiparsec/1"}], "surfaceEnd": "provë", "surfaceStart": "test", "weight": 1.0}
/a/[/r/Synonym/,/c/en/test/n/wikt/en_1/,/c/sq/prova/]	/r/Synonym	/c/en/test/n/wikt/en_1	/c/sq/prova	{"dataset": "/d/wiktionary/en", "license": "cc:by-sa/4.0", "sources": [{"contributor": "/s/resource/wiktionary/en", "process": "/s/process/wikiparsec/1"}], "surfaceEnd": "prova", "surfaceStart": "test", "weight": 1.0}
/a/[/r/Synonym/,/c/en/test/n/wikt/en_1/,/c/ar/اختبار/]	/r/Synonym	/c/en/test/n/wikt/en_1	/c/ar/اختبار	{"dataset": "/d/wiktionary/en", "license": "cc:by-sa/4.0", "sources": [{"contributor": "/s/resource/wiktionary/en", "process": "/s/process/wikiparsec/1"}], "surfaceEnd": "اختبار", "surfaceStart": "test", "weight": 1.0}
/a/[/r/Synonym/,/c/en/test/n/wikt/en_1/,/c/ast/prueba/]	/r/Synonym	/c/en/test/n/wikt/en_1	/c/ast/prueba	{"dataset": "/d/wiktionary/en", "license": "cc:by-sa/4.0", "sources": [{"contributor": "/s/resource/wiktionary/en", "process": "/s/process/wikiparsec/1"}], "surfaceEnd": "prueba", "surfaceStart": "test", "weight": 1.0}
/a/[/r/Synonym/,/c/en/test/n/wikt/en_1/,/c/zh/試驗/]	/r/Synonym	/c/en/test/n/wikt/en_1	/c/zh/試驗	{"dataset": "/d/wiktionary/en", "license": "cc:by-sa/4.0", "sources": [{"contributor": "/s/resource/wiktionary/en", "process": "/s/process/wikiparsec/1"}], "surfaceEnd": "試驗", "surfaceStart": "test", "weight": 1.0}
/a/[/r/Synonym/,/c/en/test/n/wikt/en_1/,/c/zh/试验/]	/r/Synonym	/c/en/test/n/wikt/en_1	/c/zh/试验	{"dataset": "/d/wiktionary/en", "license": "cc:by-sa/4.0", "sources": [{"contributor": "/s/resource/wiktionary/en", "process": "/s/process/wikiparsec/1"}], "surfaceEnd": "试验", "surfaceStart": "test", "weight": 1.0}
/a/[/r/Synonym/,/c/en/test/n/wikt/en_1/,/c/cs/test/]	/r/Synonym	/c/en/test/n/wikt/en_1	/c/cs/test	{"dataset": "/d/wiktionary/en", "license": "cc:by-sa/4.0", "sources": [{"contributor": "/s/resource/wiktionary/en", "process": "/s/process/wikiparsec/1"}], "surfaceEnd": "test", "surfaceStart": "test", "weight": 1.0}
/a/[/r/Synonym/,/c/en/test/n/wikt/en_1/,/c/cs/zkouška/]	/r/Synonym	/c/en/test/n/wikt/en_1	/c/cs/zkouška	{"dataset": "/d/wiktionary/en", "license": "cc:by-sa/4.0", "sources": [{"contributor": "/s/resource/wiktionary/en", "process": "/s/process/wikiparsec/1"}], "surfaceEnd": "zkouška", "surfaceStart": "test", "weight": 1.0}
/a/[/r/Synonym/,/c/en/test/n/wikt/en_1/,/c/nl/test/]	/r/Synonym	/c/en/test/n/wikt/en_1	/c/nl/test	{"dataset": "/d/wiktionary/en", "license": "cc:by-sa/4.0", "sources": [{"contributor": "/s/resource/wiktionary/en", "process": "/s/process/wikiparsec/1"}], "surfaceEnd": "test", "surfaceStart": "test", "weight": 1.0}
/a/[/r/Synonym/,/c/en/test/n/wikt/en_1/,/c/nl/proef/]	/r/Synonym	/c/en/test/n/wikt/en_1	/c/nl/proef	{"dataset": "/d/wiktionary/en", "license": "cc:by-sa/4.0", "sources": [{"contributor": "/s/resource/wiktionary/en", "process": "/s/process/wikiparsec/1"}], "surfaceEnd": "proef", "surfaceStart": "test", "weight": 1.0}
/a/[/r/Synonym/,/c/en/test/n/wikt/en_1/,/c/fi/koe/]	/r/Synonym	/c/en/test/n/wikt/en_1	/c/fi/koe	{"dataset": "/d/wiktionary/en", "license": "cc:by-sa/4.0", "sources": [{"contributor": "/s/resource/wiktionary/en", "process": "/s/process/wikiparsec/1"}], "surfaceEnd": "koe", "surfaceStart": "test", "weight": 1.0}
/a/[/r/Synonym/,/c/en/test/n/wikt/en_1/,/c/fi/koetus/]	/r/Synonym	/c/en/test/n/wikt/en_1	/c/fi/koetus	{"dataset": "/d/wiktionary/en", "license": "cc:by-sa/4.0", "sources": [{"contributor": "/s/resource/wiktionary/en", "process": "/s/process/wikiparsec/1"}], "surfaceEnd": "koetus", "surfaceStart": "test", "weight": 1.0}
/a/[/r/Synonym/,/c/en/test/n/wikt/en_1/,/c/fr/épreuve/]	/r/Synonym	/c/en/test/n/wikt/en_1	/c/fr/épreuve	{"dataset": "/d/wiktionary/en", "license": "cc:by-sa/4.0", "sources": [{"contributor": "/s/resource/wiktionary/en", "process": "/s/process/wikiparsec/1"}], "surfaceEnd": "épreuve", "surfaceStart": "test", "weight": 1.0}
/a/[/r/Synonym/,/c/en/test/n/wikt/en_1/,/c/fur/prove/]	/r/Synonym	/c/en/test/n/wikt/en_1	/c/fur/prove	{"dataset": "/d/wiktionary/en", "license": "cc:by-sa/4.0", "sources": [{"contributor": "/s/resource/wiktionary/en", "process": "/s/process/wikiparsec/1"}], "surfaceEnd": "prove", "surfaceStart": "test", "weight": 1.0}
/a/[/r/Synonym/,/c/en/test/n/wikt/en_1/,/c/de/probe/]	/r/Synonym	/c/en/test/n/wikt/en_1	/c/de/probe	{"dataset": "/d/wiktionary/en", "license": "cc:by-sa/4.0", "sources": [{"contributor": "/s/resource/wiktionary/en", "process": "/s/process/wikiparsec/1"}], "surfaceEnd": "Probe", "surfaceStart": "test", "weight": 1.0}
/a/[/r/Synonym/,/c/en/test/n/wikt/en_1/,/c/el/δοκιμασια/]	/r/Synonym	/c/en/test/n/wikt/en_1	/c/el/δοκιμασια	{"dataset": "/d/wiktionary/en", "license": "cc:by-sa/4.0", "sources": [{"contributor": "/s/resource/wiktionary/en", "process": "/s/process/wikiparsec/1"}], "surfaceEnd": "δοκιμασια", "surfaceStart": "test", "weight": 1.0}
/a/[/r/Synonym/,/c/en/test/n/wikt/en_1/,/c/el/δοκιμη/]	/r/Synonym	/c/en/test/n/wikt/en_1	/c/el/δοκιμη	{"dataset": "/d/wiktionary/en", "license": "cc:by-sa/4.0", "sources": [{"contributor": "/s/resource/wiktionary/en", "process": "/s/process/wikiparsec/1"}], "surfaceEnd": "δοκιμη", "surfaceStart": "test", "weight": 1.0}
/a/[/r/Synonym/,/c/en/test/n/wikt/en_1/,/c/he/מבחן/]	/r/Synonym	/c/en/test/n/wikt/en_1	/c/he/מבחן	{"dataset": "/d/wiktionary/en", "license": "cc:by-sa/4.0", "sources": [{"contributor": "/s/resource/wiktionary/en", "process": "/s/process/wikiparsec/1"}], "surfaceEnd": "מבחן", "surfaceStart": "test", "weight": 1.0}
/a/[/r/Synonym/,/c/en/test/n/wikt/en_1/,/c/hi/चुनौती/]	/r/Synonym	/c/en/test/n/wikt/en_1	/c/hi/चुनौती	{"dataset": "/d/wiktionary/en", "license": "cc:by-sa/4.0", "sources": [{"contributor": "/s/resource/wiktionary/en", "process": "/s/process/wikiparsec/1"}], "surfaceEnd": "चुनौती", "surfaceStart": "test", "weight": 1.0}
/a/[/r/Synonym/,/c/en/test/n/wikt/en_1/,/c/hu/próba/]	/r/Synonym	/c/en/test/n/wikt/en_1	/c/hu/próba	{"dataset": "/d/wiktionary/en", "license": "cc:by-sa/4.0", "sources": [{"contributor": "/s/resource/wiktionary/en", "process": "/s/process/wikiparsec/1"}], "surfaceEnd": "próba", "surfaceStart": "test", "weight": 1.0}
/a/[/r/Synonym/,/c/en/test/n/wikt/en_1/,/c/it/prova/]	/r/Synonym	/c/en/test/n/wikt/en_1	/c/it/prova	{"dataset": "/d/wiktionary/en", "license": "cc:by-sa/4.0", "sources": [{"contributor": "/s/resource/wiktionary/en", "process": "/s/process/wikiparsec/1"}], "surfaceEnd": "prova", "surfaceStart": "test", "weight": 1.0}
/a/[/r/Synonym/,/c/en/test/n/wikt/en_1/,/c/it/verifica/]	/r/Synonym	/c/en/test/n/wikt/en_1	/c/it/verifica	{"dataset": "/d/wiktionary/en", "license": "cc:by-sa/4.0", "sources": [{"contributor": "/s/resource/wiktionary/en", "process": "/s/process/wikiparsec/1"}], "surfaceEnd": "verifica", "surfaceStart": "test", "weight": 1.0}
/a/[/r/Synonym/,/c/en/test/n/wikt/en_1/,/c/ja/実験/]	/r/Synonym	/c/en/test/n/wikt/en_1	/c/ja/実験	{"dataset": "/d/wiktionary/en", "license": "cc:by-sa/4.0", "sources": [{"contributor": "/s/resource/wiktionary/en", "process": "/s/process/wikiparsec/1"}], "surfaceEnd": "実験", "surfaceStart": "test", "weight": 1.0}
/a/[/r/Synonym/,/c/en/test/n/wikt/en_1/,/c/ja/試練/]	/r/Synonym	/c/en/test/n/wikt/en_1	/c/ja/試練	{"dataset": "/d/wiktionary/en", "license": "cc:by-sa/4.0", "sources": [{"contributor": "/s/resource/wiktionary/en", "process": "/s/process/wikiparsec/1"}], "surfaceEnd": "試練", "surfaceStart": "test", "weight": 1.0}
/a/[/r/Synonym/,/c/en/test/n/wikt/en_1/,/c/ko/검사/]	/r/Synonym	/c/en/test/n/wikt/en_1	/c/ko/검사	{"dataset": "/d/wiktionary/en", "license": "cc:by-sa/4.0", "sources": [{"contributor": "/s/resource/wiktionary/en", "process": "/s/process/wikiparsec/1"}], "surfaceEnd": "검사", "surfaceStart": "test", "weight": 1.0}
/a/[/r/Synonym/,/c/en/test/n/wikt/en_1/,/c/lld/proa/]	/r/Synonym	/c/en/test/n/wikt/en_1	/c/lld/proa	{"dataset": "/d/wiktionary/en", "license": "cc:by-sa/4.0", "sources": [{"contributor": "/s/resource/wiktionary/en", "process": "/s/process/wikiparsec/1"}], "surfaceEnd": "proa", "surfaceStart": "test", "weight": 1.0}
/a/[/r/Synonym/,/c/en/test/n/wikt/en_1/,/c/lb/prouf/]	/r/Synonym	/c/en/test/n/wikt/en_1	/c/lb/prouf	{"dataset": "/d/wiktionary/en", "license": "cc:by-sa/4.0", "sources": [{"contributor": "/s/resource/wiktionary/en", "process": "/s/process/wikiparsec/1"}], "surfaceEnd": "Prouf", "surfaceStart": "test", "weight": 1.0}
/a/[/r/Synonym/,/c/en/test/n/wikt/en_1/,/c/fa/ازمایش/]	/r/Synonym	/c/en/test/n/wikt/en_1	/c/fa/ازمایش	{"dataset": "/d/wiktionary/en", "license": "cc:by-sa/4.0", "sources": [{"contributor": "/s/resource/wiktionary/en", "process": "/s/process/wikiparsec/1"}], "surfaceEnd": "ازمایش", "surfaceStart": "test", "weight": 1.0}
/a/[/r/Synonym/,/c/en/test/n/wikt/en_1/,/c/pt/prova/]	/r/Synonym	/c/en/test/n/wikt/en_1	/c/pt/prova	{"dataset": "/d/wiktionary/en", "license": "cc:by-sa/4.0", "sources": [{"contributor": "/s/resource/wiktionary/en", "process": "/s/process/wikiparsec/1"}], "surfaceEnd": "prova", "surfaceStart": "test", "weight": 1.0}
/a/[/r/Synonym/,/c/en/test/n/wikt/en_1/,/c/pt/teste/]	/r/Synonym	/c/en/test/n/wikt/en_1	/c/pt/teste	{"dataset": "/d/wiktionary/en", "license": "cc:by-sa/4.0", "sources": [{"contributor": "/s/resource/wiktionary/en", "process": "/s/process/wikiparsec/1"}], "surfaceEnd": "teste", "surfaceStart": "test", "weight": 1.0}
/a/[/r/Synonym/,/c/en/test/n/wikt/en_1/,/c/ro/probă/]	/r/Synonym	/c/en/test/n/wikt/en_1	/c/ro/probă	{"dataset": "/d/wiktionary/en", "license": "cc:by-sa/4.0", "sources": [{"contributor": "/s/resource/wiktionary/en", "process": "/s/process/wikiparsec/1"}], "surfaceEnd": "probă", "surfaceStart": "test", "weight": 1.0}
/a/[/r/Synonym/,/c/en/test/n/wikt/en_1/,/c/ru/проба/]	/r/Synonym	/c/en/test/n/wikt/en_1	/c/ru/проба	{"dataset": "/d/wiktionary/en", "license": "cc:by-sa/4.0", "sources": [{"contributor": "/s/resource/wiktionary/en", "process": "/s/process/wikiparsec/1"}], "surfaceEnd": "проба", "surfaceStart": "test", "weight": 1.0}
/a/[/r/Synonym/,/c/en/test/n/wikt/en_1/,/c/ru/тест/]	/r/Synonym	/c/en/test/n/wikt/en_1	/c/ru/тест	{"dataset": "/d/wiktionary/en", "license": "cc:by-sa/4.0", "sources": [{"contributor": "/s/resource/wiktionary/en", "process": "/s/process/wikiparsec/1"}], "surfaceEnd": "тест", "surfaceStart": "test", "weight": 1.0}
/a/[/r/Synonym/,/c/en/test/n/wikt/en_1/,/c/ru/испытание/]	/r/Synonym	/c/en/test/n/wikt/en_1	/c/ru/испытание	{"dataset": "/d/wiktionary/en", "license": "cc:by-sa/4.0", "sources": [{"contributor": "/s/resource/wiktionary/en", "process": "/s/process/wikiparsec/1"}], "surfaceEnd": "испытание", "surfaceStart": "test", "weight": 1.0}
/a/[/r/Synonym/,/c/en/test/n/wikt/en_1/,/c/sc/proa/]	/r/Synonym	/c/en/test/n/wikt/en_1	/c/sc/proa	{"dataset": "/d/wiktionary/en", "license": "cc:by-sa/4.0", "sources": [{"contributor": "/s/resource/wiktionary/en", "process": "/s/process/wikiparsec/1"}], "surfaceEnd": "proa", "surfaceStart": "test", "weight": 1.0}
/a/[/r/Synonym/,/c/en/test/n/wikt/en_1/,/c/sc/proba/]	/r/Synonym	/c/en/test/n/wikt/en_1	/c/sc/proba	{"dataset": "/d/wiktionary/en", "license": "cc:by-sa/4.0", "sources": [{"contributor": "/s/resource/wiktionary/en", "process": "/s/process/wikiparsec/1"}], "surfaceEnd": "proba", "surfaceStart": "test", "weight": 1.0}
/a/[/r/Synonym/,/c/en/test/n/wikt/en_1/,/c/sc/prova/]	/r/Synonym	/c/en/test/n/wikt/en_1	/c/sc/prova	{"dataset": "/d/wiktionary/en", "license": "cc:by-sa/4.0", "sources": [{"contributor": "/s/resource/wiktionary/en", "process": "/s/process/wikiparsec/1"}], "surfaceEnd": "prova", "surfaceStart": "test", "weight": 1.0}
/a/[/r/Synonym/,/c/en/test/n/wikt/en_1/,/c/gd/dearbhadh/]	/r/Synonym	/c/en/test/n/wikt/en_1	/c/gd/dearbhadh	{"dataset": "/d/wiktionary/en", "license": "cc:by-sa/4.0", "sources": [{"contributor": "/s/resource/wiktionary/en", "process": "/s/process/wikiparsec/1"}], "surfaceEnd": "dearbhadh", "surfaceStart": "test", "weight": 1.0}
/a/[/r/Synonym/,/c/en/test/n/wikt/en_1/,/c/gd/feuchainn/]	/r/Synonym	/c/en/test/n/wikt/en_1	/c/gd/feuchainn	{"dataset": "/d/wiktionary/en", "license": "cc:by-sa/4.0", "sources": [{"contributor": "/s/resource/wiktionary/en", "process": "/s/process/wikiparsec/1"}], "surfaceEnd": "feuchainn", "surfaceStart": "test", "weight": 1.0}
/a/[/r/Synonym/,/c/en/test/n/wikt/en_1/,/c/sh/тест/]	/r/Synonym	/c/en/test/n/wikt/en_1	/c/sh/тест	{"dataset": "/d/wiktionary/en", "license": "cc:by-sa/4.0", "sources": [{"contributor": "/s/resource/wiktionary/en", "process": "/s/process/wikiparsec/1"}], "surfaceEnd": "тест", "surfaceStart": "test", "weight": 1.0}
/a/[/r/Synonym/,/c/en/test/n/wikt/en_1/,/c/sh/test/]	/r/Synonym	/c/en/test/n/wikt/en_1	/c/sh/test	{"dataset": "/d/wiktionary/en", "license": "cc:by-sa/4.0", "sources": [{"contributor": "/s/resource/wiktionary/en", "process": "/s/process/wikiparsec/1"}], "surfaceEnd": "test", "surfaceStart": "test", "weight": 1.0}
/a/[/r/Synonym/,/c/en/test/n/wikt/en_1/,/c/scn/prova/]	/r/Synonym	/c/en/test/n/wikt/en_1	/c/scn/prova	{"dataset": "/d/wiktionary/en", "license": "cc:by-sa/4.0", "sources": [{"contributor": "/s/resource/wiktionary/en", "process": "/s/process/wikiparsec/1"}], "surfaceEnd": "prova", "surfaceStart": "test", "weight": 1.0}
/a/[/r/Synonym/,/c/en/test/n/wikt/en_1/,/c/sl/preizkus/]	/r/Synonym	/c/en/test/n/wikt/en_1	/c/sl/preizkus	{"dataset": "/d/wiktionary/en", "license": "cc:by-sa/4.0", "sources": [{"contributor": "/s/resource/wiktionary/en", "process": "/s/process/wikiparsec/1"}], "surfaceEnd": "preizkus", "surfaceStart": "test", "weight": 1.0}
/a/[/r/Synonym/,/c/en/test/n/wikt/en_1/,/c/sl/preizkušnja/]	/r/Synonym	/c/en/test/n/wikt/en_1	/c/sl/preizkušnja	{"dataset": "/d/wiktionary/en", "license": "cc:by-sa/4.0", "sources": [{"contributor": "/s/resource/wiktionary/en", "process": "/s/process/wikiparsec/1"}], "surfaceEnd": "preizkušnja", "surfaceStart": "test", "weight": 1.0}
/a/[/r/Synonym/,/c/en/test/n/wikt/en_1/,/c/es/prueba/]	/r/Synonym	/c/en/test/n/wikt/en_1	/c/es/prueba	{"dataset": "/d/wiktionary/en", "license": "cc:by-sa/4.0", "sources": [{"contributor": "/s/resource/wiktionary/en", "process": "/s/process/wikiparsec/1"}], "surfaceEnd": "prueba", "surfaceStart": "test", "weight": 1.0}
/a/[/r/Synonym/,/c/en/test/n/wikt/en_1/,/c/sw/jaribio/]	/r/Synonym	/c/en/test/n/wikt/en_1	/c/sw/jaribio	{"dataset": "/d/wiktionary/en", "license": "cc:by-sa/4.0", "sources": [{"contributor": "/s/resource/wiktionary/en", "process": "/s/process/wikiparsec/1"}], "surfaceEnd": "jaribio", "surfaceStart": "test", "weight": 1.0}
/a/[/r/Synonym/,/c/en/test/n/wikt/en_1/,/c/sv/prov/]	/r/Synonym	/c/en/test/n/wikt/en_1	/c/sv/prov	{"dataset": "/d/wiktionary/en", "license": "cc:by-sa/4.0", "sources": [{"contributor": "/s/resource/wiktionary/en", "process": "/s/process/wikiparsec/1"}], "surfaceEnd": "prov", "surfaceStart": "test", "weight": 1.0}
/a/[/r/Synonym/,/c/en/test/n/wikt/en_1/,/c/sv/prövning/]	/r/Synonym	/c/en/test/n/wikt/en_1	/c/sv/prövning	{"dataset": "/d/wiktionary/en", "license": "cc:by-sa/4.0", "sources": [{"contributor": "/s/resource/wiktionary/en", "process": "/s/process/wikiparsec/1"}], "surfaceEnd": "prövning", "surfaceStart": "test", "weight": 1.0}
/a/[/r/Synonym/,/c/en/test/n/wikt/en_1/,/c/tr/test/]	/r/Synonym	/c/en/test/n/wikt/en_1	/c/tr/test	{"dataset": "/d/wiktionary/en", "license": "cc:by-sa/4.0", "sources": [{"contributor": "/s/resource/wiktionary/en", "process": "/s/process/wikiparsec/1"}], "surfaceEnd": "test", "surfaceStart": "test", "weight": 1.0}
/a/[/r/Synonym/,/c/en/test/n/wikt/en_1/,/c/tr/deneme/]	/r/Synonym	/c/en/test/n/wikt/en_1	/c/tr/deneme	{"dataset": "/d/wiktionary/en", "license": "cc:by-sa/4.0", "sources": [{"contributor": "/s/resource/wiktionary/en", "process": "/s/process/wikiparsec/1"}], "surfaceEnd": "deneme", "surfaceStart": "test", "weight": 1.0}
/a/[/r/Synonym/,/c/en/test/n/wikt/en_1/,/c/vec/prova/]	/r/Synonym	/c/en/test/n/wikt/en_1	/c/vec/prova	{"dataset": "/d/wiktionary/en", "license": "cc:by-sa/4.0", "sources": [{"contributor": "/s/resource/wiktionary/en", "process": "/s/process/wikiparsec/1"}], "surfaceEnd": "prova", "surfaceStart": "test", "weight": 1.0}
/a/[/r/Synonym/,/c/en/test/n/wikt/en_1/,/c/zza/cerbnayen/]	/r/Synonym	/c/en/test/n/wikt/en_1	/c/zza/cerbnayen	{"dataset": "/d/wiktionary/en", "license": "cc:by-sa/4.0", "sources": [{"contributor": "/s/resource/wiktionary/en", "process": "/s/process/wikiparsec/1"}], "surfaceEnd": "cerbnayen", "surfaceStart": "test", "weight": 1.0}
/a/[/r/Synonym/,/c/en/test/n/wikt/en_1/,/c/zza/test_kerden/]	/r/Synonym	/c/en/test/n/wikt/en_1	/c/zza/test_kerden	{"dataset": "/d/wiktionary/en", "license": "cc:by-sa/4.0", "sources": [{"contributor": "/s/resource/wiktionary/en", "process": "/s/process/wikiparsec/1"}], "surfaceEnd": "test kerden", "surfaceStart": "test", "weight": 1.0}
/a/[/r/RelatedTo/,/c/en/test/v/wikt/en_1/,/c/en/refine/]	/r/RelatedTo	/c/en/test/v/wikt/en_1	/c/en/refine	{"dataset": "/d/wiktionary/en", "license": "cc:by-sa/4.0", "sources": [{"contributor": "/s/resource/wiktionary/en", "process": "/s/process/wikiparsec/1"}], "surfaceEnd": "refine", "surfaceStart": "test", "weight": 1.0}
/a/[/r/RelatedTo/,/c/en/test/v/wikt/en_1/,/c/en/cupel/]	/r/RelatedTo	/c/en/test/v/wikt/en_1	/c/en/cupel	{"dataset": "/d/wiktionary/en", "license": "cc:by-sa/4.0", "sources": [{"contributor": "/s/resource/wiktionary/en", "process": "/s/process/wikiparsec/1"}], "surfaceEnd": "cupel", "surfaceStart": "test", "weight": 1.0}
/a/[/r/RelatedTo/,/c/en/test/v/wikt/en_1/,/c/en/cupellation/]	/r/RelatedTo	/c/en/test/v/wikt/en_1	/c/en/cupellation	{"dataset": "/d/wiktionary/en", "license": "cc:by-sa/4.0", "sources": [{"contributor": "/s/resource/wiktionary/en", "process": "/s/process/wikiparsec/1"}], "surfaceEnd": "cupellation", "surfaceStart": "test", "weight": 1.0}
/a/[/r/HasContext/,/c/en/test/v/wikt/en_1/,/c/en/academics/]	/r/HasContext	/c/en/test/v/wikt/en_1	/c/en/academics	{"dataset": "/d/wiktionary/en", "license": "cc:by-sa/4.0", "sources": [{"contributor": "/s/resource/wiktionary/en", "process": "/s/process/wikiparsec/1"}], "surfaceEnd": "academics", "surfaceStart": "test", "weight": 1.0}
/a/[/r/HasContext/,/c/en/test/v/wikt/en_1/,/c/en/chemistry/]	/r/HasContext	/c/en/test/v/wikt/en_1	/c/en/chemistry	{"dataset": "/d/wiktionary/en", "license": "cc:by-sa/4.0", "sources": [{"contributor": "/s/resource/wiktionary/en", "process": "/s/process/wikiparsec/1"}], "surfaceEnd": "chemistry", "surfaceStart": "test", "weight": 1.0}
/a/[/r/RelatedTo/,/c/en/test/v/wikt/en_1/,/c/en/reagent/]	/r/RelatedTo	/c/en/test/v/wikt/en_1	/c/en/reagent	{"dataset": "/d/wiktionary/en", "license": "cc:by-sa/4.0", "sources": [{"contributor": "/s/resource/wiktionary/en", "process": "/s/process/wikiparsec/1"}], "surfaceEnd": "reagent", "surfaceStart": "test", "weight": 1.0}
/a/[/r/EtymologicallyRelatedTo/,/c/en/test/,/c/fro/tester/]	/r/EtymologicallyRelatedTo	/c/en/test	/c/fro/tester	{"dataset": "/d/wiktionary/en", "license": "cc:by-sa/4.0", "sources": [{"contributor": "/s/resource/wiktionary/en", "process": "/s/process/wikiparsec/1"}], "surfaceEnd": "tester", "surfaceStart": "test", "weight": 0.25}
/a/[/r/EtymologicallyRelatedTo/,/c/en/test/,/c/la/testari/]	/r/EtymologicallyRelatedTo	/c/en/test	/c/la/testari	{"dataset": "/d/wiktionary/en", "license": "cc:by-sa/4.0", "sources": [{"contributor": "/s/resource/wiktionary/en", "process": "/s/process/wikiparsec/1"}], "surfaceEnd": "testari", "surfaceStart": "test", "weight": 0.25}
/a/[/r/EtymologicallyRelatedTo/,/c/en/test/,/c/la/testis/]	/r/EtymologicallyRelatedTo	/c/en/test	/c/la/testis	{"dataset": "/d/wiktionary/en", "license": "cc:by-sa/4.0", "sources": [{"contributor": "/s/resource/wiktionary/en", "process": "/s/process/wikiparsec/1"}], "surfaceEnd": "testis", "surfaceStart": "test", "weight": 0.25}
/a/[/r/HasContext/,/c/en/test/n/wikt/en_2/,/c/en/obsolete/]	/r/HasContext	/c/en/test/n/wikt/en_2	/c/en/obsolete	{"dataset": "/d/wiktionary/en", "license": "cc:by-sa/4.0", "sources": [{"contributor": "/s/resource/wiktionary/en", "process": "/s/process/wikiparsec/1"}], "surfaceEnd": "obsolete", "surfaceStart": "test", "weight": 1.0}
/a/[/r/RelatedTo/,/c/en/test/n/wikt/en_2/,/c/en/witness/]	/r/RelatedTo	/c/en/test/n/wikt/en_2	/c/en/witness	{"dataset": "/d/wiktionary/en", "license": "cc:by-sa/4.0", "sources": [{"contributor": "/s/resource/wiktionary/en", "process": "/s/process/wikiparsec/1"}], "surfaceEnd": "witness", "surfaceStart": "test", "weight": 1.0}
/a/[/r/HasContext/,/c/en/test/v/wikt/en_2/,/c/en/obsolete/]	/r/HasContext	/c/en/test/v/wikt/en_2	/c/en/obsolete	{"dataset": "/d/wiktionary/en", "license": "cc:by-sa/4.0", "sources": [{"contributor": "/s/resource/wiktionary/en", "process": "/s/process/wikiparsec/1"}], "surfaceEnd": "obsolete", "surfaceStart": "test", "weight": 1.0}
/a/[/r/RelatedTo/,/c/en/test/v/wikt/en_2/,/c/en/testament/]	/r/RelatedTo	/c/en/test/v/wikt/en_2	/c/en/testament	{"dataset": "/d/wiktionary/en", "license": "cc:by-sa/4.0", "sources": [{"contributor": "/s/resource/wiktionary/en", "process": "/s/process/wikiparsec/1"}], "surfaceEnd": "testament", "surfaceStart": "test", "weight": 1.0}
/a/[/r/RelatedTo/,/c/en/test/v/wikt/en_2/,/c/en/will/]	/r/RelatedTo	/c/en/test/v/wikt/en_2	/c/en/will	{"dataset": "/d/wiktionary/en", "license": "cc:by-sa/4.0", "sources": [{"contributor": "/s/resource/wiktionary/en", "process": "/s/process/wikiparsec/1"}], "surfaceEnd": "will", "surfaceStart": "test", "weight": 1.0}
/a/[/r/RelatedTo/,/c/en/test/v/wikt/en_2/,/c/en/attest/]	/r/RelatedTo	/c/en/test/v/wikt/en_2	/c/en/attest	{"dataset": "/d/wiktionary/en", "license": "cc:by-sa/4.0", "sources": [{"contributor": "/s/resource/wiktionary/en", "process": "/s/process/wikiparsec/1"}], "surfaceEnd": "attest", "surfaceStart": "test", "weight": 1.0}
/a/[/r/RelatedTo/,/c/en/test/v/wikt/en_2/,/c/en/contest/]	/r/RelatedTo	/c/en/test/v/wikt/en_2	/c/en/contest	{"dataset": "/d/wiktionary/en", "license": "cc:by-sa/4.0", "sources": [{"contributor": "/s/resource/wiktionary/en", "process": "/s/process/wikiparsec/1"}], "surfaceEnd": "contest", "surfaceStart": "test", "weight": 1.0}
/a/[/r/RelatedTo/,/c/en/test/v/wikt/en_2/,/c/en/detest/]	/r/RelatedTo	/c/en/test/v/wikt/en_2	/c/en/detest	{"dataset": "/d/wiktionary/en", "license": "cc:by-sa/4.0", "sources": [{"contributor": "/s/resource/wiktionary/en", "process": "/s/process/wikiparsec/1"}], "surfaceEnd": "detest", "surfaceStart": "test", "weight": 1.0}
/a/[/r/RelatedTo/,/c/en/test/v/wikt/en_2/,/c/en/protest/]	/r/RelatedTo	/c/en/test/v/wikt/en_2	/c/en/protest	{"dataset": "/d/wiktionary/en", "license": "cc:by-sa/4.0", "sources": [{"contributor": "/s/resource/wiktionary/en", "process": "/s/process/wikiparsec/1"}], "surfaceEnd": "protest", "surfaceStart": "test", "weight": 1.0}
/a/[/r/RelatedTo/,/c/cs/test/n/,/c/en/test/]	/r/RelatedTo	/c/cs/test/n	/c/en/test	{"dataset": "/d/wiktionary/en", "license": "cc:by-sa/4.0", "sources": [{"contributor": "/s/resource/wiktionary/en", "process": "/s/process/wikiparsec/1"}], "surfaceEnd": "test", "surfaceStart": "test", "weight": 1.0}
/a/[/r/DerivedFrom/,/c/cs/testovat/,/c/cs/test/n/]	/r/DerivedFrom	/c/cs/testovat	/c/cs/test/n	{"dataset": "/d/wiktionary/en", "license": "cc:by-sa/4.0", "sources": [{"contributor": "/s/resource/wiktionary/en", "process": "/s/process/wikiparsec/1"}], "surfaceEnd": "testovat", "surfaceStart": "test", "weight": 1.0}
/a/[/r/DerivedFrom/,/c/cs/testovací/,/c/cs/test/n/]	/r/DerivedFrom	/c/cs/testovací	/c/cs/test/n	{"dataset": "/d/wiktionary/en", "license": "cc:by-sa/4.0", "sources": [{"contributor": "/s/resource/wiktionary/en", "process": "/s/process/wikiparsec/1"}], "surfaceEnd": "testovací", "surfaceStart": "test", "weight": 1.0}
/a/[/r/DerivedFrom/,/c/cs/testový/,/c/cs/test/n/]	/r/DerivedFrom	/c/cs/testový	/c/cs/test/n	{"dataset": "/d/wiktionary/en", "license": "cc:by-sa/4.0", "sources": [{"contributor": "/s/resource/wiktionary/en", "process": "/s/process/wikiparsec/1"}], "surfaceEnd": "testový", "surfaceStart": "test", "weight": 1.0}
/a/[/r/EtymologicallyRelatedTo/,/c/nl/test/,/c/en/test/]	/r/EtymologicallyRelatedTo	/c/nl/test	/c/en/test	{"dataset": "/d/wiktionary/en", "license": "cc:by-sa/4.0", "sources": [{"contributor": "/s/resource/wiktionary/en", "process": "/s/process/wikiparsec/1"}], "surfaceEnd": "test", "surfaceStart": "test", "weight": 0.25}
/a/[/r/RelatedTo/,/c/nl/test/n/,/c/en/test/]	/r/RelatedTo	/c/nl/test/n	/c/en/test	{"dataset": "/d/wiktionary/en", "license": "cc:by-sa/4.0", "sources": [{"contributor": "/s/resource/wiktionary/en", "process": "/s/process/wikiparsec/1"}], "surfaceEnd": "test", "surfaceStart": "test", "weight": 1.0}
/a/[/r/Synonym/,/c/nl/test/n/,/c/nl/experiment/]	/r/Synonym	/c/nl/test/n	/c/nl/experiment	{"dataset": "/d/wiktionary/en", "license": "cc:by-sa/4.0", "sources": [{"contributor": "/s/resource/wiktionary/en", "process": "/s/process/wikiparsec/1"}], "surfaceEnd": "experiment", "surfaceStart": "test", "weight": 1.0}
/a/[/r/Synonym/,/c/nl/test/n/,/c/nl/proef/]	/r/Synonym	/c/nl/test/n	/c/nl/proef	{"dataset": "/d/wiktionary/en", "license": "cc:by-sa/4.0", "sources": [{"contributor": "/s/resource/wiktionary/en", "process": "/s/process/wikiparsec/1"}], "surfaceEnd": "proef", "surfaceStart": "test", "weight": 1.0}
/a/[/r/EtymologicallyRelatedTo/,/c/fr/test/,/c/la/testa/]	/r/EtymologicallyRelatedTo	/c/fr/test	/c/la/testa	{"dataset": "/d/wiktionary/en", "license": "cc:by-sa/4.0", "sources": [{"contributor": "/s/resource/wiktionary/en", "process": "/s/process/wikiparsec/1"}], "surfaceEnd": "testa", "surfaceStart": "test", "weight": 0.25}
/a/[/r/RelatedTo/,/c/fr/test/n/wikt/en_1/,/c/en/test/]	/r/RelatedTo	/c/fr/test/n/wikt/en_1	/c/en/test	{"dataset": "/d/wiktionary/en", "license": "cc:by-sa/4.0", "sources": [{"contributor": "/s/resource/wiktionary/en", "process": "/s/process/wikiparsec/1"}], "surfaceEnd": "test", "surfaceStart": "test", "weight": 1.0}
/a/[/r/HasContext/,/c/fr/test/n/wikt/en_1/,/c/en/marine_biology/]	/r/HasContext	/c/fr/test/n/wikt/en_1	/c/en/marine_biology	{"dataset": "/d/wiktionary/en", "license": "cc:by-sa/4.0", "sources": [{"contributor": "/s/resource/wiktionary/en", "process": "/s/process/wikiparsec/1"}], "surfaceEnd": "marine biology", "surfaceStart": "test", "weight": 1.0}
/a/[/r/RelatedTo/,/c/fr/test/n/wikt/en_1/,/c/en/test/]	/r/RelatedTo	/c/fr/test/n/wikt/en_1	/c/en/test	{"dataset": "/d/wiktionary/en", "license": "cc:by-sa/4.0", "sources": [{"contributor": "/s/resource/wiktionary/en", "process": "/s/process/wikiparsec/1"}], "surfaceEnd": "test", "surfaceStart": "test", "weight": 1.0}
/a/[/r/EtymologicallyRelatedTo/,/c/fr/test/,/c/en/test/]	/r/EtymologicallyRelatedTo	/c/fr/test	/c/en/test	{"dataset": "/d/wiktionary/en", "license": "cc:by-sa/4.0", "sources": [{"contributor": "/s/resource/wiktionary/en", "process": "/s/process/wikiparsec/1"}], "surfaceEnd": "test", "surfaceStart": "test", "weight": 0.25}
/a/[/r/RelatedTo/,/c/fr/test/n/wikt/en_1/,/c/en/test/]	/r/RelatedTo	/c/fr/test/n/wikt/en_1	/c/en/test	{"dataset": "/d/wiktionary/en", "license": "cc:by-sa/4.0", "sources": [{"contributor": "/s/resource/wiktionary/en", "process": "/s/process/wikiparsec/1"}], "surfaceEnd": "test", "surfaceStart": "test", "weight": 1.0}
/a/[/r/DerivedFrom/,/c/fr/tester/,/c/fr/test/n/wikt/en_1/]	/r/DerivedFrom	/c/fr/tester	/c/fr/test/n/wikt/en_1	{"dataset": "/d/wiktionary/en", "license": "cc:by-sa/4.0", "sources": [{"contributor": "/s/resource/wiktionary/en", "process": "/s/process/wikiparsec/1"}], "surfaceEnd": "tester", "surfaceStart": "test", "weight": 1.0}
/a/[/r/HasContext/,/c/hu/test/n/,/c/en/geometry/]	/r/HasContext	/c/hu/test/n	/c/en/geometry	{"dataset": "/d/wiktionary/en", "license": "cc:by-sa/4.0", "sources": [{"contributor": "/s/resource/wiktionary/en", "process": "/s/process/wikiparsec/1"}], "surfaceEnd": "geometry", "surfaceStart": "test", "weight": 1.0}
/a/[/r/HasContext/,/c/hu/test/n/,/c/en/algebra/]	/r/HasContext	/c/hu/test/n	/c/en/algebra	{"dataset": "/d/wiktionary/en", "license": "cc:by-sa/4.0", "sources": [{"contributor": "/s/resource/wiktionary/en", "process": "/s/process/wikiparsec/1"}], "surfaceEnd": "algebra", "surfaceStart": "test", "weight": 1.0}
/a/[/r/DerivedFrom/,/c/hu/testes/,/c/hu/test/n/]	/r/DerivedFrom	/c/hu/testes	/c/hu/test/n	{"dataset": "/d/wiktionary/en", "license": "cc:by-sa/4.0", "sources": [{"contributor": "/s/resource/wiktionary/en", "process": "/s/process/wikiparsec/1"}], "surfaceEnd": "testes", "surfaceStart": "test", "weight": 1.0}
/a/[/r/DerivedFrom/,/c/hu/arkhimédeszi_test/,/c/hu/test/n/]	/r/DerivedFrom	/c/hu/arkhimédeszi_test	/c/hu/test/n	{"dataset": "/d/wiktionary/en", "license": "cc:by-sa/4.0", "sources": [{"contributor": "/s/resource/wiktionary/en", "process": "/s/process/wikiparsec/1"}], "surfaceEnd": "arkhimédeszi test", "surfaceStart": "test", "weight": 1.0}
/a/[/r/DerivedFrom/,/c/hu/forgástest/,/c/hu/test/n/]	/r/DerivedFrom	/c/hu/forgástest	/c/hu/test/n	{"dataset": "/d/wiktionary/en", "license": "cc:by-sa/4.0", "sources": [{"contributor": "/s/resource/wiktionary/en", "process": "/s/process/wikiparsec/1"}], "surfaceEnd": "forgástest", "surfaceStart": "test", "weight": 1.0}
/a/[/r/DerivedFrom/,/c/hu/holttest/,/c/hu/test/n/]	/r/DerivedFrom	/c/hu/holttest	/c/hu/test/n	{"dataset": "/d/wiktionary/en", "license": "cc:by-sa/4.0", "sources": [{"contributor": "/s/resource/wiktionary/en", "process": "/s/process/wikiparsec/1"}], "surfaceEnd": "holttest", "surfaceStart": "test", "weight": 1.0}
/a/[/r/DerivedFrom/,/c/hu/platóni_test/,/c/hu/test/n/]	/r/DerivedFrom	/c/hu/platóni_test	/c/hu/test/n	{"dataset": "/d/wiktionary/en", "license": "cc:by-sa/4.0", "sources": [{"contributor": "/s/resource/wiktionary/en", "process": "/s/process/wikiparsec/1"}], "surfaceEnd": "platóni test", "surfaceStart": "test", "weight": 1.0}
/a/[/r/DerivedFrom/,/c/hu/testalkat/,/c/hu/test/n/]	/r/DerivedFrom	/c/hu/testalkat	/c/hu/test/n	{"dataset": "/d/wiktionary/en", "license": "cc:by-sa/4.0", "sources": [{"contributor": "/s/resource/wiktionary/en", "process": "/s/process/wikiparsec/1"}], "surfaceEnd": "testalkat", "surfaceStart": "test", "weight": 1.0}
/a/[/r/DerivedFrom/,/c/hu/testápolás/,/c/hu/test/n/]	/r/DerivedFrom	/c/hu/testápolás	/c/hu/test/n	{"dataset": "/d/wiktionary/en", "license": "cc:by-sa/4.0", "sources": [{"contributor": "/s/resource/wiktionary/en", "process": "/s/process/wikiparsec/1"}], "surfaceEnd": "testápolás", "surfaceStart": "test", "weight": 1.0}
/a/[/r/DerivedFrom/,/c/hu/testőr/,/c/hu/test/n/]	/r/DerivedFrom	/c/hu/testőr	/c/hu/test/n	{"dataset": "/d/wiktionary/en", "license": "cc:by-sa/4.0", "sources": [{"contributor": "/s/resource/wiktionary/en", "process": "/s/process/wikiparsec/1"}], "surfaceEnd": "testőr", "surfaceStart": "test", "weight": 1.0}
/a/[/r/DerivedFrom/,/c/hu/testvér/,/c/hu/test/n/]	/r/DerivedFrom	/c/hu/testvér	/c/hu/test/n	{"dataset": "/d/wiktionary/en", "license": "cc:by-sa/4.0", "sources": [{"contributor": "/s/resource/wiktionary/en", "process": "/s/process/wikiparsec/1"}], "surfaceEnd": "testvér", "surfaceStart": "test", "weight": 1.0}
/a/[/r/DerivedFrom/,/c/hu/a_lélek_kész_de_a_test_erőtlen/,/c/hu/test/n/]	/r/DerivedFrom	/c/hu/a_lélek_kész_de_a_test_erőtlen	/c/hu/test/n	{"dataset": "/d/wiktionary/en", "license": "cc:by-sa/4.0", "sources": [{"contributor": "/s/resource/wiktionary/en", "process": "/s/process/wikiparsec/1"}], "surfaceEnd": "a lélek kész, de a test erőtlen", "surfaceStart": "test", "weight": 1.0}
/a/[/r/RelatedTo/,/c/it/test/n/,/c/en/test/]	/r/RelatedTo	/c/it/test/n	/c/en/test	{"dataset": "/d/wiktionary/en", "license": "cc:by-sa/4.0", "sources": [{"contributor": "/s/resource/wiktionary/en", "process": "/s/process/wikiparsec/1"}], "surfaceEnd": "test", "surfaceStart": "test", "weight": 1.0}
/a/[/r/EtymologicallyRelatedTo/,/c/no/test/,/c/en/test/]	/r/EtymologicallyRelatedTo	/c/no/test	/c/en/test	{"dataset": "/d/wiktionary/en", "license": "cc:by-sa/4.0", "sources": [{"contributor": "/s/resource/wiktionary/en", "process": "/s/process/wikiparsec/1"}], "surfaceEnd": "test", "surfaceStart": "test", "weight": 0.25}
/a/[/r/RelatedTo/,/c/no/test/n/,/c/en/test/]	/r/RelatedTo	/c/no/test/n	/c/en/test	{"dataset": "/d/wiktionary/en", "license": "cc:by-sa/4.0", "sources": [{"contributor": "/s/resource/wiktionary/en", "process": "/s/process/wikiparsec/1"}], "surfaceEnd": "test", "surfaceStart": "test", "weight": 1.0}
/a/[/r/RelatedTo/,/c/no/test/n/,/c/no/teste/]	/r/RelatedTo	/c/no/test/n	/c/no/teste	{"dataset": "/d/wiktionary/en", "license": "cc:by-sa/4.0", "sources": [{"contributor": "/s/resource/wiktionary/en", "process": "/s/process/wikiparsec/1"}], "surfaceEnd": "teste", "surfaceStart": "test", "weight": 1.0}
/a/[/r/EtymologicallyRelatedTo/,/c/no/test/,/c/en/test/]	/r/EtymologicallyRelatedTo	/c/no/test	/c/en/test	{"dataset": "/d/wiktionary/en", "license": "cc:by-sa/4.0", "sources": [{"contributor": "/s/resource/wiktionary/en", "process": "/s/process/wikiparsec/1"}], "surfaceEnd": "test", "surfaceStart": "test", "weight": 0.25}
/a/[/r/RelatedTo/,/c/no/test/n/,/c/en/test/]	/r/RelatedTo	/c/no/test/n	/c/en/test	{"dataset": "/d/wiktionary/en", "license": "cc:by-sa/4.0", "sources": [{"contributor": "/s/resource/wiktionary/en", "process": "/s/process/wikiparsec/1"}], "surfaceEnd": "test", "surfaceStart": "test", "weight": 1.0}
/a/[/r/EtymologicallyRelatedTo/,/c/fro/test/,/c/la/testum/]	/r/EtymologicallyRelatedTo	/c/fro/test	/c/la/testum	{"dataset": "/d/wiktionary/en", "license": "cc:by-sa/4.0", "sources": [{"contributor": "/s/resource/wiktionary/en", "process": "/s/process/wikiparsec/1"}], "surfaceEnd": "testum", "surfaceStart": "test", "weight": 0.25}
/a/[/r/RelatedTo/,/c/pl/test/n/,/c/en/test/]	/r/RelatedTo	/c/pl/test/n	/c/en/test	{"dataset": "/d/wiktionary/en", "license": "cc:by-sa/4.0", "sources": [{"contributor": "/s/resource/wiktionary/en", "process": "/s/process/wikiparsec/1"}], "surfaceEnd": "test", "surfaceStart": "test", "weight": 1.0}
/a/[/r/RelatedTo/,/c/sh/test/n/,/c/en/test/]	/r/RelatedTo	/c/sh/test/n	/c/en/test	{"dataset": "/d/wiktionary/en", "license": "cc:by-sa/4.0", "sources": [{"contributor": "/s/resource/wiktionary/en", "process": "/s/process/wikiparsec/1"}], "surfaceEnd": "test", "surfaceStart": "test", "weight": 1.0}
/a/[/r/RelatedTo/,/c/sh/test/n/,/c/en/test/]	/r/RelatedTo	/c/sh/test/n	/c/en/test	{"dataset": "/d/wiktionary/en", "license": "cc:by-sa/4.0", "sources": [{"contributor": "/s/resource/wiktionary/en", "process": "/s/process/wikiparsec/1"}], "surfaceEnd": "test", "surfaceStart": "test", "weight": 1.0}
/a/[/r/RelatedTo/,/c/sh/test/n/,/c/en/test/]	/r/RelatedTo	/c/sh/test/n	/c/en/test	{"dataset": "/d/wiktionary/en", "license": "cc:by-sa/4.0", "sources": [{"contributor": "/s/resource/wiktionary/en", "process": "/s/process/wikiparsec/1"}], "surfaceEnd": "test", "surfaceStart": "test", "weight": 1.0}
/a/[/r/RelatedTo/,/c/es/test/n/,/c/en/test/]	/r/RelatedTo	/c/es/test/n	/c/en/test	{"dataset": "/d/wiktionary/en", "license": "cc:by-sa/4.0", "sources": [{"contributor": "/s/resource/wiktionary/en", "process": "/s/process/wikiparsec/1"}], "surfaceEnd": "test", "surfaceStart": "test", "weight": 1.0}
/a/[/r/Synonym/,/c/es/test/n/,/c/es/prueba/]	/r/Synonym	/c/es/test/n	/c/es/prueba	{"dataset": "/d/wiktionary/en", "license": "cc:by-sa/4.0", "sources": [{"contributor": "/s/resource/wiktionary/en", "process": "/s/process/wikiparsec/1"}], "surfaceEnd": "prueba", "surfaceStart": "test", "weight": 1.0}
/a/[/r/RelatedTo/,/c/sv/test/n/,/c/en/test/]	/r/RelatedTo	/c/sv/test/n	/c/en/test	{"dataset": "/d/wiktionary/en", "license": "cc:by-sa/4.0", "sources": [{"contributor": "/s/resource/wiktionary/en", "process": "/s/process/wikiparsec/1"}], "surfaceEnd": "test", "surfaceStart": "test", "weight": 1.0}
/a/[/r/RelatedTo/,/c/sv/test/n/,/c/en/examination/]	/r/RelatedTo	/c/sv/test/n	/c/en/examination	{"dataset": "/d/wiktionary/en", "license": "cc:by-sa/4.0", "sources": [{"contributor": "/s/resource/wiktionary/en", "process": "/s/process/wikiparsec/1"}], "surfaceEnd": "examination", "surfaceStart": "test", "weight": 1.0}
/a/[/r/RelatedTo/,/c/sv/test/n/,/c/en/trial/]	/r/RelatedTo	/c/sv/test/n	/c/en/trial	{"dataset": "/d/wiktionary/en", "license": "cc:by-sa/4.0", "sources": [{"contributor": "/s/resource/wiktionary/en", "process": "/s/process/wikiparsec/1"}], "surfaceEnd": "trial", "surfaceStart": "test", "weight": 1.0}
/a/[/r/RelatedTo/,/c/sv/test/n/,/c/sv/experiment/]	/r/RelatedTo	/c/sv/test/n	/c/sv/experiment	{"dataset": "/d/wiktionary/en", "license": "cc:by-sa/4.0", "sources": [{"contributor": "/s/resource/wiktionary/en", "process": "/s/process/wikiparsec/1"}], "surfaceEnd": "experiment", "surfaceStart": "test", "weight": 1.0}
/a/[/r/RelatedTo/,/c/sv/test/n/,/c/sv/betatest/]	/r/RelatedTo	/c/sv/test/n	/c/sv/betatest	{"dataset": "/d/wiktionary/en", "license": "cc:by-sa/4.0", "sources": [{"contributor": "/s/resource/wiktionary/en", "process": "/s/process/wikiparsec/1"}], "surfaceEnd": "betatest", "surfaceStart": "test", "weight": 1.0}
/a/[/r/RelatedTo/,/c/sv/test/n/,/c/sv/hårtest/]	/r/RelatedTo	/c/sv/test/n	/c/sv/hårtest	{"dataset": "/d/wiktionary/en", "license": "cc:by-sa/4.0", "sources": [{"contributor": "/s/resource/wiktionary/en", "process": "/s/process/wikiparsec/1"}], "surfaceEnd": "hårtest", "surfaceStart": "test", "weight": 1.0}
/a/[/r/RelatedTo/,/c/sv/test/n/,/c/sv/testa/]	/r/RelatedTo	/c/sv/test/n	/c/sv/testa	{"dataset": "/d/wiktionary/en", "license": "cc:by-sa/4.0", "sources": [{"contributor": "/s/resource/wiktionary/en", "process": "/s/process/wikiparsec/1"}], "surfaceEnd": "testa", "surfaceStart": "test", "weight": 1.0}
/a/[/r/Synonym/,/c/sv/test/n/,/c/sv/examen/]	/r/Synonym	/c/sv/test/n	/c/sv/examen	{"dataset": "/d/wiktionary/en", "license": "cc:by-sa/4.0", "sources": [{"contributor": "/s/resource/wiktionary/en", "process": "/s/process/wikiparsec/1"}], "surfaceEnd": "examen", "surfaceStart": "test", "weight": 1.0}
/a/[/r/Synonym/,/c/sv/test/n/,/c/sv/försök/]	/r/Synonym	/c/sv/test/n	/c/sv/försök	{"dataset": "/d/wiktionary/en", "license": "cc:by-sa/4.0", "sources": [{"contributor": "/s/resource/wiktionary/en", "process": "/s/process/wikiparsec/1"}], "surfaceEnd": "försök", "surfaceStart": "test", "weight": 1.0}
/a/[/r/Synonym/,/c/sv/test/n/,/c/sv/experiment/]	/r/Synonym	/c/sv/test/n	/c/sv/experiment	{"dataset": "/d/wiktionary/en", "license": "cc:by-sa/4.0", "sources": [{"contributor": "/s/resource/wiktionary/en", "process": "/s/process/wikiparsec/1"}], "surfaceEnd": "experiment", "surfaceStart": "test", "weight": 1.0}
/a/[/r/Synonym/,/c/sv/test/n/,/c/sv/prov/]	/r/Synonym	/c/sv/test/n	/c/sv/prov	{"dataset": "/d/wiktionary/en", "license": "cc:by-sa/4.0", "sources": [{"contributor": "/s/resource/wiktionary/en", "process": "/s/process/wikiparsec/1"}], "surfaceEnd": "prov", "surfaceStart": "test", "weight": 1.0}
/a/[/r/Synonym/,/c/sv/test/n/,/c/sv/skrivning/]	/r/Synonym	/c/sv/test/n	/c/sv/skrivning	{"dataset": "/d/wiktionary/en", "license": "cc:by-sa/4.0", "sources": [{"contributor": "/s/resource/wiktionary/en", "process": "/s/process/wikiparsec/1"}], "surfaceEnd": "skrivning", "surfaceStart": "test", "weight": 1.0}
/a/[/r/Synonym/,/c/sv/test/n/,/c/sv/tofs/]	/r/Synonym	/c/sv/test/n	/c/sv/tofs	{"dataset": "/d/wiktionary/en", "license": "cc:by-sa/4.0", "sources": [{"contributor": "/s/resource/wiktionary/en", "process": "/s/process/wikiparsec/1"}], "surfaceEnd": "tofs", "surfaceStart": "test", "weight": 1.0}
/a/[/r/Synonym/,/c/sv/test/n/,/c/sv/tuss/]	/r/Synonym	/c/sv/test/n	/c/sv/tuss	{"dataset": "/d/wiktionary/en", "license": "cc:by-sa/4.0", "sources": [{"contributor": "/s/resource/wiktionary/en", "process": "/s/process/wikiparsec/1"}], "surfaceEnd": "tuss", "surfaceStart": "test", "weight": 1.0}
/a/[/r/EtymologicallyRelatedTo/,/c/tr/test/,/c/en/test/]	/r/EtymologicallyRelatedTo	/c/tr/test	/c/en/test	{"dataset": "/d/wiktionary/en", "license": "cc:by-sa/4.0", "sources": [{"contributor": "/s/resource/wiktionary/en", "process": "/s/process/wikiparsec/1"}], "surfaceEnd": "test", "surfaceStart": "test", "weight": 0.25}
/a/[/r/RelatedTo/,/c/tr/test/n/,/c/en/test/]	/r/RelatedTo	/c/tr/test/n	/c/en/test	{"dataset": "/d/wiktionary/en", "license": "cc:by-sa/4.0", "sources": [{"contributor": "/s/resource/wiktionary/en", "process": "/s/process/wikiparsec/1"}], "surfaceEnd": "test", "surfaceStart": "test", "weight": 1.0}
/a/[/r/FormOf/,/c/en/people/n/wikt/en_1/,/c/en/person/]	/r/FormOf	/c/en/people/n/wikt/en_1	/c/en/person	{"dataset": "/d/wiktionary/en", "license": "cc:by-sa/4.0", "sources": [{"contributor": "/s/resource/wiktionary/en", "process": "/s/process/wikiparsec/1"}], "surfaceEnd": "person", "surfaceStart": "people", "weight": 1.0}
/a/[/r/FormOf/,/c/en/eating/v/wikt/en_1/,/c/en/eat/]	/r/FormOf	/c/en/eating/v/wikt/en_1	/c/en/eat	{"dataset": "/d/wiktionary/en", "license": "cc:by-sa/4.0", "sources": [{"contributor": "/s/resource/wiktionary/en", "process": "/s/process/wikiparsec/1"}], "surfaceEnd": "eat", "surfaceStart": "eating", "weight": 1.0}
/a/[/r/FormOf/,/c/en/carrots/n/wikt/en_1/,/c/en/carrot/]	/r/FormOf	/c/en/carrots/n/wikt/en_1	/c/en/carrot	{"dataset": "/d/wiktionary/en", "license": "cc:by-sa/4.0", "sources": [{"contributor": "/s/resource/wiktionary/en", "process": "/s/process/wikiparsec/1"}], "surfaceEnd": "carrot", "surfaceStart": "carrots", "weight": 1.0}
/a/[/r/FormOf/,/c/en/is/v/wikt/en_1/,/c/en/be/]	/r/FormOf	/c/en/is/v/wikt/en_1	/c/en/be	{"dataset": "/d/wiktionary/en", "license": "cc:by-sa/4.0", "sources": [{"contributor": "/s/resource/wiktionary/en", "process": "/s/process/wikiparsec/1"}], "surfaceEnd": "be", "surfaceStart": "is", "weight": 1.0}
/a/[/r/FormOf/,/c/es/tengo/v/,/c/es/tener/]	/r/FormOf	/c/es/tengo/v	/c/es/tener	{"dataset": "/d/wiktionary/en", "license": "cc:by-sa/4.0", "sources": [{"contributor": "/s/resource/wiktionary/en", "process": "/s/process/wikiparsec/1"}], "surfaceEnd": "tener", "surfaceStart": "tengo", "weight": 1.0}
